Seller Name,Brand,Wheel Size,Gears,Log_Price,Normalized_Area
Jose Sanchez,Montra,24,2.0,9.327323087461798,0.8095238095238094
Kathleen Fletcher,Swagtron,27,4.0,9.406811351874557,0.9047619047619048
Kevin Rodriguez,EMotorad,12,1.0,9.090542808520587,0.5714285714285713
Sharon Ramirez,Montra,15,2.0,9.319284458965361,0.8095238095238094
Andrew Rhodes,Swagtron,15,1.0,9.04793908261736,0.0
Seth Johnson,HERO,19,3.0,8.738895704934043,0.04761904761904756
James Webster,Swagtron,21,2.0,8.796490207333578,0.19047619047619035
Joseph Coleman,EMotorad,16,1.0,8.924123891686012,0.47619047619047616
Kelsey Lewis,Montra,18,2.0,9.262078567380597,0.47619047619047616
Mary Donaldson,Geekay,24,4.0,8.901230352110781,0.0
Harold Farley,Swagtron,13,1.0,8.83651926920248,0.09523809523809523
James Peterson,Geekay,18,4.0,9.0455836463617,0.04761904761904756
Jason Harris,EMotorad,19,3.0,9.36228862824824,0.619047619047619
Carlos Bryant,Swagtron,26,2.0,9.364005219520333,0.9047619047619048
Patricia Rodriguez,Geekay,29,2.0,9.38353709043758,0.7142857142857143
Cathy Moore,HERO,17,2.0,9.227295812625597,0.8095238095238094
Stephanie May,Swagtron,25,1.0,9.036106025364846,0.19047619047619035
Madeline Ray,Geekay,20,2.0,9.012011377036412,0.33333333333333337
Mike Serrano,Swagtron,21,4.0,9.260177606823355,0.9999999999999999
Steven Ryan,HERO,28,2.0,9.218407743053941,0.2857142857142857
Lauren Smith,EMotorad,17,1.0,9.241935933565934,0.4285714285714285
Richard Benitez,EMotorad,27,1.0,9.360569085222874,0.7142857142857143
Jennifer Collins,Swagtron,27,4.0,9.470471375340672,0.8571428571428571
Andrew Stewart,EMotorad,12,4.0,9.343209045050607,0.9999999999999999
Jill Williams,EMotorad,15,1.0,9.259225769705994,0.47619047619047616
Ricky Adkins,EMotorad,20,1.0,9.13140538388804,0.8571428571428571
Julie Rodriguez,HERO,26,3.0,9.049114723476961,0.09523809523809523
Kristina Gentry,Montra,19,3.0,9.42875274891449,0.8095238095238094
Amber Skinner,Montra,12,2.0,8.898502209646642,0.1428571428571429
Robert Hill,HERO,13,3.0,9.37424334324612,0.9047619047619048
Rebecca Gibson,Montra,21,1.0,9.078065332666364,0.47619047619047616
Kimberly Jackson,Montra,12,3.0,9.338821533624722,0.5714285714285713
Brittany Moore,EMotorad,22,1.0,8.877800393882575,0.1428571428571429
Alfred Delgado,Geekay,15,3.0,9.358846580275406,0.619047619047619
Christopher Jones,Swagtron,23,4.0,9.074635189810808,0.09523809523809523
Jay Becker,HERO,14,1.0,9.43276366396591,0.9523809523809522
Michael Paul,Geekay,12,2.0,9.02653771890043,0.1428571428571429
Jon Webster,Geekay,20,2.0,9.222367752188902,0.8095238095238094
Virginia Johnson,Swagtron,16,3.0,9.037295651962438,0.5714285714285713
Brian King,HERO,17,4.0,9.044403844431551,0.2857142857142857
Teresa Stephens,EMotorad,18,1.0,8.926783114101351,0.47619047619047616
Thomas Mays,Swagtron,20,2.0,9.287394001418473,0.47619047619047616
Brenda Osborne,Montra,29,1.0,9.17378011666438,0.23809523809523803
Jaime Fernandez,Geekay,27,3.0,9.316590491818841,0.47619047619047616
Benjamin Rodriguez,Swagtron,16,1.0,9.16871235542852,0.38095238095238104
Emily Hernandez,EMotorad,21,1.0,9.054972284742485,0.7142857142857143
Carmen Hill,Swagtron,22,3.0,9.197356444417888,0.19047619047619035
Chris Hood,HERO,13,2.0,9.16871235542852,0.9047619047619048
Janet Williams,Swagtron,13,4.0,9.015662792972645,0.23809523809523803
Katelyn King,Montra,19,4.0,8.973478148521036,0.1428571428571429
Thomas Phillips,Swagtron,21,4.0,8.95040315983296,0.33333333333333337
Elizabeth Baker,Geekay,15,3.0,9.305741456739435,0.7142857142857143
James Walker,EMotorad,18,1.0,9.262078567380597,0.7142857142857143
Brian Nichols,Swagtron,23,3.0,9.218407743053941,0.47619047619047616
Briana Anderson,Geekay,26,3.0,9.297526733655099,0.9047619047619048
Tracey Brown,HERO,12,1.0,9.217415285648144,0.619047619047619
Ethan Smith,EMotorad,26,4.0,9.078065332666364,0.33333333333333337
Matthew Martinez,Montra,15,3.0,9.105090961257085,0.23809523809523803
Paul Chavez,Geekay,24,4.0,9.281823473598047,0.33333333333333337
Michelle Ingram,Swagtron,22,2.0,9.150696519048667,0.8571428571428571
Mark Ramos,Geekay,23,2.0,9.130322663990151,0.33333333333333337
Jerry White,Montra,16,4.0,9.019300924562506,0.0
Kent Cook,Swagtron,18,3.0,9.344084242025778,0.5714285714285713
Cameron Juarez,Geekay,16,1.0,9.09504174761272,0.33333333333333337
John Russell,Montra,27,4.0,9.246768728589734,0.9523809523809522
Joshua Gonzalez,HERO,15,4.0,9.19532825185568,0.38095238095238104
Ryan Bowen,HERO,24,3.0,9.400216653174247,0.7142857142857143
Joseph Travis,Swagtron,16,4.0,9.236105579862208,0.9523809523809522
Robert Perez,Swagtron,20,4.0,9.116139576577355,0.19047619047619035
Eugene Greene,Montra,26,3.0,9.315690887584008,0.47619047619047616
Joseph Roberts,EMotorad,27,4.0,9.166492972195906,0.761904761904762
Joseph Salazar,Swagtron,15,4.0,9.41336284529417,0.9523809523809522
Raymond Martin,HERO,27,4.0,9.207436158828793,0.38095238095238104
Joshua Floyd,Montra,25,2.0,9.11063052782717,0.761904761904762
Frank Fisher,Geekay,28,2.0,9.068892008391808,0.6666666666666666
Tammy Miller,Swagtron,29,1.0,8.801017833540714,0.0
Trevor Wallace,Geekay,17,1.0,9.161255164285691,0.9523809523809522
Renee Pope,Swagtron,21,1.0,9.264923249746474,0.7142857142857143
Jeremiah Schneider,HERO,15,3.0,9.34145634983372,0.5714285714285713
Jose Luna,Geekay,12,3.0,9.37339415841248,0.9047619047619048
Sharon Jacobson,Montra,17,3.0,8.76732914779405,0.09523809523809523
Mr. John Pearson,Montra,12,4.0,9.377632889750377,0.619047619047619
Timothy Gomez,Geekay,29,3.0,8.928110078202646,0.09523809523809523
Wesley Mcguire,HERO,16,1.0,9.201400530406708,0.8095238095238094
Nicole Bailey,EMotorad,14,1.0,9.115040192121858,0.619047619047619
Nicholas Stevens,Geekay,28,1.0,9.290167671835738,0.761904761904762
Richard Rich,Geekay,15,3.0,8.987321812850125,0.23809523809523803
Jose Brown,Swagtron,14,3.0,9.16871235542852,0.33333333333333337
Holly Garcia,Montra,22,1.0,9.079206103951382,0.04761904761904756
Christopher Davis,Montra,25,2.0,9.41336284529417,0.8095238095238094
Kimberly Taylor,EMotorad,28,1.0,8.858084222199162,0.09523809523809523
Jason Becker,EMotorad,19,3.0,9.475853519656901,0.47619047619047616
James Cain,HERO,21,3.0,9.13356731317027,0.04761904761904756
Troy Walker,HERO,12,1.0,9.020510699691906,0.19047619047619035
Allison Buckley,Geekay,22,4.0,9.511999311358759,0.9999999999999999
Valerie Flores,Swagtron,23,2.0,9.039670667922676,0.38095238095238104
Roger Boyd,Swagtron,14,2.0,9.420682331453184,0.8571428571428571
Andrew Mills,Swagtron,20,3.0,8.730851903519232,0.04761904761904756
Bonnie Rose,HERO,15,3.0,8.936035096566041,0.1428571428571429
Gary Chavez,HERO,15,3.0,9.409273194575334,0.761904761904762
Sean Nicholson,Montra,26,1.0,8.734077192559303,0.47619047619047616
Katelyn Rogers,EMotorad,15,3.0,8.853808274977197,0.23809523809523803
Lisa Owens,Montra,29,3.0,9.028938392241612,0.04761904761904756
Kimberly Hudson,Montra,26,3.0,9.181014542594355,0.1428571428571429
Gregory Jenkins,HERO,21,2.0,9.01322999770879,0.33333333333333337
Jennifer Stanley,Montra,13,2.0,8.687948111838727,0.04761904761904756
Debra Carr,EMotorad,16,4.0,9.0432226489245,0.04761904761904756
Thomas Smith,Swagtron,22,4.0,9.073489189226986,0.33333333333333337
Matthew Ramsey,Swagtron,23,3.0,9.198369000194964,0.19047619047619035
Destiny Martin DVM,Swagtron,20,2.0,9.036106025364846,0.619047619047619
Michelle Parker,Geekay,23,2.0,9.23317760587894,0.5714285714285713
Patrick Ross,Montra,14,2.0,9.14216859187285,0.8571428571428571
Natalie Scott,Montra,28,2.0,8.83651926920248,0.0
Beth Wheeler,Montra,12,4.0,9.038483865029992,0.5238095238095238
Leslie Neal,HERO,12,1.0,9.329988334242078,0.9047619047619048
Monica Cole,Geekay,20,2.0,9.1248914101437,0.09523809523809523
Donna Drake,HERO,26,2.0,9.0432226489245,0.619047619047619
Jennifer White,EMotorad,22,2.0,8.798001694924846,0.19047619047619035
Crystal Robinson,EMotorad,20,2.0,9.305741456739435,0.761904761904762
Dana George,Montra,25,1.0,9.19023970026918,0.761904761904762
Emily Jones,EMotorad,14,1.0,9.046762057999363,0.47619047619047616
Brent Ortiz,Geekay,15,3.0,9.23024103368252,0.5238095238095238
Samuel Nelson,Geekay,14,4.0,8.830689198760998,0.1428571428571429
Cynthia Stanton,HERO,23,2.0,8.91341571815747,0.38095238095238104
Melissa Salas,HERO,25,2.0,9.174816815907135,0.9047619047619048
Gina Dickerson,Geekay,28,3.0,9.3868953338758,0.6666666666666666
Russell Stone,EMotorad,20,1.0,9.053803514155955,0.0
Nathan Valenzuela,HERO,20,3.0,9.396902923027392,0.9523809523809522
Shane Smith,Geekay,20,1.0,9.437555622660446,0.9523809523809522
Mary Mendoza,Geekay,14,4.0,9.016876974763383,0.0
William Roberts,HERO,15,3.0,9.036106025364846,0.09523809523809523
Courtney Ramos,EMotorad,24,3.0,9.022925868116218,0.5238095238095238
Shannon Rowe,Montra,26,2.0,8.969669103793757,0.23809523809523803
Cathy Lindsey,Montra,12,3.0,9.406811351874557,0.9999999999999999
Teresa Gray,Swagtron,16,1.0,9.09504174761272,0.09523809523809523
William Mullins,Montra,15,1.0,8.974744612722734,0.33333333333333337
Emily Mitchell MD,Swagtron,25,3.0,9.04793908261736,0.5714285714285713
Ronald Daniels,EMotorad,23,1.0,9.285540604539118,0.5238095238095238
Jennifer Chavez,Geekay,20,3.0,9.465060106725137,0.9047619047619048
Margaret Hernandez,Swagtron,25,4.0,8.929435283803425,0.04761904761904756
Carrie Prince,Montra,23,2.0,9.308464769969381,0.761904761904762
Ronald Powell,EMotorad,28,4.0,9.208438564686587,0.8571428571428571
Susan Davis,EMotorad,26,4.0,9.469700127423375,0.8571428571428571
Larry Diaz,EMotorad,28,2.0,9.365718869155696,0.6666666666666666
Donald Hernandez,HERO,13,2.0,9.467382808295852,0.9999999999999999
Alexander Hatfield,HERO,20,2.0,9.082620630373812,0.7142857142857143
Brittney Garcia,HERO,12,3.0,9.101752431559284,0.7142857142857143
Erica Thomas,EMotorad,16,1.0,9.160204302482386,0.23809523809523803
Cynthia Perez,HERO,18,3.0,8.886132618174951,0.04761904761904756
David Young,Montra,25,1.0,9.059633754551479,0.47619047619047616
Keith Tucker,Swagtron,19,3.0,9.04085606398372,0.09523809523809523
Annette Travis,HERO,27,1.0,9.014447135152134,0.38095238095238104
Kimberly Stewart,Montra,21,1.0,9.422301633887823,0.9047619047619048
Grant David,EMotorad,20,4.0,9.239996256883693,0.7142857142857143
Kelly Vasquez,EMotorad,27,3.0,9.261128538808288,0.33333333333333337
Mary Martin,HERO,23,2.0,9.130322663990151,0.5714285714285713
Kaylee Lane,Swagtron,18,3.0,8.939974177289633,0.1428571428571429
Melanie Edwards,Montra,27,2.0,9.112837790614945,0.04761904761904756
Jessica Edwards,Swagtron,13,3.0,9.407632639699958,0.761904761904762
Dawn Moore,Montra,24,4.0,9.281823473598047,0.8095238095238094
Angela Higgins,Montra,15,1.0,9.278092474027002,0.761904761904762
Sherri Lee,HERO,27,2.0,9.197356444417888,0.23809523809523803
Miss Tina Stanley,EMotorad,15,1.0,9.417435838868785,0.9047619047619048
Virginia Gaines,Montra,22,1.0,9.265869681768663,0.47619047619047616
Allison King,HERO,24,1.0,9.147507062804614,0.9047619047619048
Richard Lopez,Montra,18,4.0,9.276221741089696,0.8095238095238094
Daniel Fox,HERO,20,3.0,9.358846580275406,0.619047619047619
Amber Alvarado,Montra,17,1.0,8.616314282284044,0.0
Deanna Wilson,EMotorad,23,4.0,8.926783114101351,0.04761904761904756
Mark Vazquez,HERO,12,4.0,9.150696519048667,0.2857142857142857
Timothy Martin,Montra,23,4.0,9.11943049661634,0.4285714285714285
Carlos Bradshaw,HERO,20,3.0,8.993551586299981,0.23809523809523803
Kenneth Freeman,Geekay,22,2.0,9.232199706329077,0.5714285714285713
Pamela Anderson,Montra,23,1.0,9.167537249650874,0.47619047619047616
Joseph Montoya,Geekay,17,4.0,9.155989777226102,0.761904761904762
Anthony Johnson,Geekay,27,2.0,9.134646527606982,0.8095238095238094
Johnny Chambers,Swagtron,20,2.0,9.169622538697624,0.19047619047619035
Joseph Gallagher,Swagtron,14,4.0,9.309370895439137,0.6666666666666666
Amy Benjamin,EMotorad,26,3.0,9.368283850042138,0.619047619047619
Thomas Cooper,EMotorad,15,2.0,9.388570235866881,0.9999999999999999
Joseph Green,Montra,15,3.0,9.425532393502772,0.8095238095238094
Anthony Duke,Geekay,19,3.0,9.016876974763383,0.2857142857142857
Larry Rodriguez,Geekay,21,2.0,9.288319413292772,0.47619047619047616
Charles Matthews,HERO,21,2.0,9.19125948416339,0.23809523809523803
Jonathan Stuart,Geekay,21,2.0,9.170663554823284,0.19047619047619035
Michelle Moore,EMotorad,20,3.0,8.962007209588313,0.19047619047619035
Lori Gomez,Montra,26,3.0,9.481206851499401,0.9523809523809522
Emily Nguyen,EMotorad,24,2.0,9.152817185732516,0.8571428571428571
Brett Smith,Swagtron,15,4.0,9.19532825185568,0.8571428571428571
Kimberly Pope,Montra,21,4.0,9.4343635363174,0.9999999999999999
Courtney Casey,Geekay,22,3.0,9.16871235542852,0.47619047619047616
Matthew Mejia,HERO,25,4.0,9.263975921142093,0.5238095238095238
Emily Grimes,Montra,19,2.0,9.357984213888745,0.6666666666666666
Candice Wright,Geekay,19,3.0,9.194312610898985,0.9047619047619048
Christine Jackson,HERO,13,4.0,9.151757414543885,0.761904761904762
Katrina Andersen,Swagtron,24,3.0,9.136801468641313,0.04761904761904756
Patrick Hawkins,Montra,14,4.0,9.291090521661292,0.38095238095238104
Monique Murphy,HERO,14,4.0,9.17378011666438,0.33333333333333337
Nancy Gutierrez,Swagtron,13,1.0,8.920121751872404,0.23809523809523803
Charles Daniels,Swagtron,17,4.0,9.414994033976548,0.7142857142857143
Phyllis Santos,EMotorad,20,1.0,9.143238568435446,0.4285714285714285
Emily Thomas,Montra,16,2.0,9.372544251851037,0.9523809523809522
Chad Davis,EMotorad,12,1.0,8.775085935057266,0.0
Derek Rosales,Geekay,23,2.0,9.382695764458287,0.6666666666666666
Karen Barrera MD,HERO,14,2.0,8.722742874329398,0.09523809523809523
Robert Chapman,Montra,17,1.0,9.419060402624668,0.9047619047619048
Katherine Roman,Montra,28,2.0,9.312987208936326,0.9999999999999999
Patricia Barnes,Swagtron,20,4.0,9.116139576577355,0.19047619047619035
Cindy Dougherty,HERO,13,2.0,9.074635189810808,0.0
James Nguyen,Montra,29,4.0,9.424725681616493,0.9523809523809522
Megan Reynolds,Montra,28,3.0,8.872206756028303,0.23809523809523803
Luis Jordan,EMotorad,15,2.0,9.36314729221994,0.8095238095238094
David Meyer,Geekay,20,4.0,8.867990898182093,0.19047619047619035
Robert Armstrong,Montra,16,4.0,9.13356731317027,0.0
Diana Ramsey,Geekay,28,1.0,9.308464769969381,0.8095238095238094
Mary Brown,HERO,15,3.0,9.425532393502772,0.8095238095238094
Kevin Gray,HERO,20,2.0,9.03491498187007,0.38095238095238104
Karina Morgan,EMotorad,15,4.0,8.993551586299981,0.4285714285714285
Robert Wilson,Swagtron,29,2.0,8.808518618782816,0.19047619047619035
Tyler Ramsey,Montra,13,2.0,8.926783114101351,0.4285714285714285
John Hardin,HERO,20,4.0,9.286467732363734,0.5714285714285713
Jake Phillips,Geekay,14,1.0,9.2771575450135,0.761904761904762
Emma Tanner,Geekay,17,3.0,8.798001694924846,0.1428571428571429
Deborah Hunt,Montra,17,4.0,9.020510699691906,0.0
Matthew Harrison,EMotorad,24,4.0,9.318387276059317,0.6666666666666666
Maria Hernandez,Geekay,20,3.0,9.115040192121858,0.0
Robert Robertson,Geekay,14,1.0,9.17895289873455,0.5238095238095238
Johnathan Haas,Montra,27,3.0,9.140025198061156,0.04761904761904756
Gabriella Anderson,Geekay,20,4.0,9.295692039075686,0.8571428571428571
Ashley Scott,Montra,19,3.0,9.379323364330958,0.6666666666666666
Rodney Hale,Swagtron,23,2.0,9.015662792972645,0.5714285714285713
Randy Taylor,Swagtron,29,2.0,9.158099260130491,0.38095238095238104
Michelle Pruitt,EMotorad,18,2.0,8.95944014361693,0.23809523809523803
Valerie Stanton,Geekay,19,1.0,8.845201135339584,0.09523809523809523
Sarah Long,EMotorad,23,2.0,9.326433090963036,0.8095238095238094
Tina Herrera,Swagtron,29,3.0,9.224341891611996,0.7142857142857143
Brandon Burke,EMotorad,21,1.0,9.122710622015209,0.1428571428571429
Debbie Joyce MD,Montra,26,3.0,9.240966565517944,0.9999999999999999
Jennifer Bell,Swagtron,21,1.0,9.078065332666364,0.761904761904762
Rachel Barry,Swagtron,12,3.0,9.43914785291483,0.8571428571428571
Colton Hughes,Geekay,21,4.0,8.897135342293316,0.23809523809523803
Vanessa Hicks,EMotorad,23,1.0,9.1248914101437,0.8571428571428571
Shawn Davis,Geekay,29,4.0,9.189218875354072,0.33333333333333337
Karen Cox,EMotorad,21,4.0,9.27902652976463,0.8095238095238094
Daniel Valenzuela,EMotorad,12,4.0,8.989818381366925,0.19047619047619035
Samantha Roth,Montra,28,4.0,9.303921785597714,0.619047619047619
Lisa Wells,Geekay,22,4.0,9.481969279105716,0.9047619047619048
Jenny Oconnor,HERO,16,2.0,9.13356731317027,0.7142857142857143
Alexis Brooks,Montra,15,3.0,9.45727857185611,0.9047619047619048
Heather Hernandez,HERO,20,2.0,9.169622538697624,0.6666666666666666
Jane Porter,Montra,26,1.0,9.128153700988236,0.8571428571428571
Jennifer Martinez,EMotorad,12,3.0,8.983565234427923,0.0
Nathan Robertson,HERO,20,3.0,9.088285725968877,0.19047619047619035
Brittany Suarez,Geekay,19,3.0,9.016876974763383,0.2857142857142857
David Howe DDS,HERO,25,3.0,9.314790473332646,0.9523809523809522
Frank Jones,Montra,29,2.0,9.239025005836092,0.5714285714285713
Julian House,EMotorad,12,2.0,9.140025198061156,0.1428571428571429
Jason Olson,Geekay,23,1.0,9.228278517107196,0.47619047619047616
Brandi Hernandez,Geekay,16,1.0,9.117237753713859,0.619047619047619
Tiffany Parks,EMotorad,12,3.0,9.37339415841248,0.9047619047619048
Carla Moore,Swagtron,22,1.0,9.39024233725137,0.8095238095238094
Kenneth Robinson,Geekay,26,4.0,8.93075873555827,0.04761904761904756
Brittany Wolfe,HERO,16,3.0,9.170663554823284,0.8571428571428571
Abigail Gray,Montra,15,1.0,9.093918908958932,0.5714285714285713
Amanda King,Swagtron,19,1.0,9.052633375946147,0.7142857142857143
Erin Hickman,Swagtron,20,4.0,8.94910546953925,0.33333333333333337
Ashley Hayden,EMotorad,25,3.0,9.15915233520675,0.09523809523809523
Steve Miller,Swagtron,17,2.0,8.877800393882575,0.33333333333333337
Mindy Ballard,Montra,12,3.0,9.056139690898883,0.619047619047619
Christopher Campbell,Swagtron,20,2.0,9.305741456739435,0.761904761904762
Sarah Harrell,HERO,27,1.0,8.669227347271736,0.04761904761904756
Lisa King,HERO,27,2.0,9.217415285648144,0.761904761904762
Angela Rogers,Swagtron,23,3.0,9.276221741089696,0.619047619047619
Kevin Simpson,Montra,16,1.0,9.160204302482386,0.23809523809523803
Allison Martin,Swagtron,19,2.0,9.248695325852646,0.8571428571428571
Kelly Anderson,Swagtron,25,2.0,9.310276200588783,0.761904761904762
Willie Fletcher,HERO,22,3.0,9.256364810287462,0.5714285714285713
Jessica Gutierrez,Montra,26,1.0,8.765770543987257,0.19047619047619035
Eric Morrow,EMotorad,29,1.0,9.194312610898985,0.761904761904762
John Miller,Swagtron,15,2.0,9.437555622660446,0.9047619047619048
Eric Hinton,EMotorad,21,2.0,9.359708203627006,0.6666666666666666
Christopher Davidson,EMotorad,14,2.0,9.028938392241612,0.38095238095238104
Michael Morrison,Swagtron,23,4.0,9.317489287493226,0.6666666666666666
Ernest Alvarez,HERO,25,1.0,9.392745258631441,0.8095238095238094
Todd Thompson,Swagtron,13,2.0,9.18307194482199,0.47619047619047616
Alicia Baker,Geekay,18,2.0,9.357121103184378,0.6666666666666666
Tony Parker,HERO,22,1.0,9.187174093944343,0.2857142857142857
Michael Thomas,Swagtron,28,4.0,9.10286651367095,0.619047619047619
Jonathan Stewart,HERO,28,1.0,8.91341571815747,0.19047619047619035
Timothy Crawford,Swagtron,15,4.0,9.235130540783402,0.7142857142857143
Stacey Price,EMotorad,29,3.0,9.204422898212146,0.6666666666666666
Joshua Sullivan,HERO,22,1.0,9.166492972195906,0.47619047619047616
Kimberly Sanchez,HERO,21,1.0,9.186150133174966,0.47619047619047616
Patricia Myers,HERO,24,3.0,9.199380531739841,0.6666666666666666
Cole Hill,EMotorad,25,1.0,9.19023970026918,0.5238095238095238
Margaret Lewis,Montra,18,3.0,9.308464769969381,0.9523809523809522
Matthew Baker,Swagtron,18,4.0,9.068892008391808,0.09523809523809523
Veronica Smith,Swagtron,19,1.0,8.61993026886735,0.0
Margaret Young,HERO,20,3.0,9.19532825185568,0.6666666666666666
Tina Gonzalez,Montra,25,2.0,8.993551586299981,0.2857142857142857
Whitney Rodriguez,Swagtron,19,4.0,9.464284672443105,0.8571428571428571
Susan Johnson,Geekay,28,4.0,9.1248914101437,0.6666666666666666
John Thompson,Montra,27,2.0,9.347577390281268,0.619047619047619
Terry Reese,HERO,20,2.0,9.23024103368252,0.5714285714285713
David Thomas,Swagtron,15,3.0,8.853808274977197,0.23809523809523803
Tyler White,Geekay,18,2.0,9.357121103184378,0.9047619047619048
William Scott,EMotorad,29,1.0,9.344958673700944,0.9047619047619048
Evelyn Maxwell,Swagtron,19,3.0,9.272469743441732,0.38095238095238104
Curtis Rodriguez,Montra,14,4.0,9.291090521661292,0.38095238095238104
Marissa Robinson,Montra,28,1.0,9.063115652219658,0.7142857142857143
Mary Camacho,Geekay,25,1.0,9.441531454869693,0.9523809523809522
Michael Walton,Montra,16,4.0,9.329100707697025,0.47619047619047616
Andrea Waller,HERO,16,1.0,8.924123891686012,0.47619047619047616
Brittany Mcdonald,Swagtron,24,4.0,9.243871855184976,0.9523809523809522
Lisa Davis,EMotorad,29,4.0,9.456497077599392,0.8095238095238094
Phillip Gonzalez,Geekay,13,4.0,9.16871235542852,0.0
Ryan Morgan,Montra,20,4.0,8.945202263959297,0.33333333333333337
Angela Hutchinson,HERO,13,3.0,9.009569671513699,0.2857142857142857
Robert Williams,Geekay,19,1.0,8.689632748355741,0.09523809523809523
Sylvia Gibson,Swagtron,21,2.0,8.988570876215118,0.04761904761904756
Brett Hopkins,EMotorad,29,3.0,9.14216859187285,0.761904761904762
Mariah Gillespie,EMotorad,21,2.0,9.149634496858788,0.619047619047619
Ryan Campbell,Geekay,12,3.0,9.338821533624722,0.8095238095238094
Casey Cervantes,Swagtron,16,1.0,8.976009475021396,0.33333333333333337
Robert Edwards,Swagtron,29,4.0,9.16858043772795,0.04761904761904756
Lisa Rogers,Geekay,28,2.0,9.218407743053941,0.9999999999999999
Deanna Mcdonald,HERO,15,3.0,8.764209507142004,0.09523809523809523
Kevin Delgado,Montra,22,1.0,9.056139690898883,0.0
Rick Smith,HERO,13,1.0,9.399389249519563,0.8571428571428571
William Warren,HERO,16,3.0,9.128153700988236,0.2857142857142857
Susan Perry,Montra,16,4.0,8.917444732471514,0.2857142857142857
Sarah Durham,Montra,28,2.0,9.074635189810808,0.1428571428571429
Joel Gordon,Montra,28,3.0,9.497847429113676,0.9999999999999999
Jennifer Woods,Geekay,20,2.0,8.842315546841863,0.19047619047619035
Jennifer Luna,EMotorad,22,4.0,9.481969279105716,0.9047619047619048
Sabrina Freeman,EMotorad,25,2.0,9.34583234141334,0.8571428571428571
Suzanne Thompson,Swagtron,20,3.0,9.018089684104343,0.2857142857142857
Hayden Kennedy,Swagtron,23,1.0,9.14644164612595,0.6666666666666666
Scott Hampton,EMotorad,18,2.0,9.285540604539118,0.7142857142857143
Scott Rose,Geekay,21,1.0,9.302098797215724,0.8095238095238094
Jacob Stafford,Swagtron,27,1.0,9.192278229157774,0.9999999999999999
Jeffrey Wilson,EMotorad,15,3.0,8.732465848349879,0.04761904761904756
Amanda Brown,Swagtron,24,2.0,9.17378011666438,0.4285714285714285
Cheryl Friedman,Swagtron,29,3.0,9.204422898212146,0.9047619047619048
Brian Walsh,Geekay,22,1.0,9.39024233725137,0.8095238095238094
Brent Stark,EMotorad,14,3.0,9.010791269515602,0.5238095238095238
Leslie White,HERO,13,4.0,8.737292112544221,0.0
Tammy Duncan,Montra,23,4.0,8.97853441008332,0.1428571428571429
Mrs. Cheryl Harrell,Geekay,15,3.0,8.824824939175638,0.19047619047619035
Rodney Summers,Swagtron,24,3.0,9.219399216464529,0.9523809523809522
Janice Miller,Montra,16,3.0,9.19125948416339,0.9047619047619048
Kristi French,EMotorad,13,3.0,9.303921785597714,0.7142857142857143
Timothy Walker,Geekay,29,3.0,8.87360810154911,0.23809523809523803
John Brown,Geekay,12,2.0,9.325542301664866,0.9523809523809522
Angela Pennington,Montra,19,2.0,8.934718614016768,0.19047619047619035
Nicole Daniels,Geekay,16,3.0,9.19125948416339,0.4285714285714285
Mark Chavez,Geekay,15,2.0,9.205428327615163,0.761904761904762
Abigail Lowery,Geekay,17,3.0,9.325542301664866,0.761904761904762
Gloria Moore,Swagtron,18,2.0,9.188197007290492,0.23809523809523803
Heather Le,EMotorad,15,4.0,8.740496729931813,0.0
Gina Herrera,Montra,14,1.0,9.115040192121858,0.1428571428571429
Laura Garcia,Montra,20,2.0,9.036106025364846,0.38095238095238104
John Mitchell,Montra,13,4.0,8.991064332188461,0.4285714285714285
Charles Green,HERO,16,2.0,9.078065332666364,0.47619047619047616
Theodore Martin,Montra,12,4.0,9.251578279992428,0.2857142857142857
David Hart,Swagtron,25,1.0,9.210440366976517,0.5714285714285713
Anthony Rios,Swagtron,21,4.0,9.049114723476961,0.5238095238095238
Mr. Lawrence Marks,Swagtron,17,3.0,9.150696519048667,0.09523809523809523
Brittney Jordan,Geekay,13,3.0,9.33970057728189,0.8095238095238094
Linda Miller,HERO,19,2.0,9.12598002335811,0.33333333333333337
Brenda Ramos,EMotorad,20,3.0,9.153875834995056,0.33333333333333337
David Bowman,Montra,19,3.0,9.13140538388804,0.2857142857142857
Michael Williams,EMotorad,15,1.0,8.77971129020447,0.23809523809523803
Amanda Gilbert,EMotorad,24,3.0,9.09279480812114,0.4285714285714285
Melody Miller,EMotorad,15,3.0,9.148571345578551,0.5714285714285713
Ana Williams,Swagtron,18,2.0,8.906664409770052,0.38095238095238104
Brian Rush,EMotorad,19,3.0,9.13140538388804,0.04761904761904756
Angela Osborn,HERO,12,3.0,9.187174093944343,0.6666666666666666
Jeffrey Hicks,Geekay,17,4.0,9.16871235542852,0.619047619047619
Ebony Cummings,Swagtron,23,4.0,9.335297611380566,0.7142857142857143
Chloe Coleman,HERO,21,2.0,9.060795734696166,0.19047619047619035
Nicole Smith,EMotorad,19,2.0,9.375091807576673,0.9523809523809522
Kristen David,Swagtron,17,2.0,8.877800393882575,0.09523809523809523
David Shepherd,Geekay,20,3.0,9.16871235542852,0.33333333333333337
Karen Sawyer,Montra,23,3.0,9.365718869155696,0.619047619047619
Joy Dominguez,HERO,26,3.0,9.181014542594355,0.38095238095238104
Curtis Patterson,Montra,12,3.0,8.983565234427923,0.23809523809523803
Heather Ruiz,Geekay,20,3.0,8.916103530553727,0.33333333333333337
Elizabeth Smith,HERO,18,3.0,9.395241931033524,0.7142857142857143
Kristin Harper,Montra,22,4.0,9.334414687078109,0.7142857142857143
Debra Buchanan,EMotorad,14,2.0,9.163353580751846,0.4285714285714285
Jamie Farmer,HERO,12,2.0,9.351926736038054,0.9047619047619048
Maria Mcdonald,Swagtron,26,2.0,8.976009475021396,0.4285714285714285
Deborah Leonard,Swagtron,12,1.0,9.06773940337716,0.5238095238095238
Kevin Murphy,Swagtron,20,4.0,9.16871235542852,0.1428571428571429
Patrick Edwards,Montra,13,2.0,9.003439196207838,0.33333333333333337
Jody Ramos,HERO,20,4.0,9.46815584482167,0.8571428571428571
Debra Todd,Geekay,25,3.0,9.071193240566025,0.38095238095238104
Kayla Smith,Geekay,21,4.0,8.924123891686012,0.04761904761904756
Jennifer Foster,EMotorad,16,2.0,9.031333316150057,0.1428571428571429
John Wood,Swagtron,29,4.0,9.472012088995733,0.8571428571428571
Jasmine Brown,Swagtron,15,4.0,9.36314729221994,0.8095238095238094
Donna Gardner,Geekay,14,1.0,9.136801468641313,0.6666666666666666
Christopher Willis,Montra,25,4.0,9.337061124755339,0.47619047619047616
Amanda Greene,Swagtron,27,2.0,8.97094039814245,0.47619047619047616
Adam Fisher,Swagtron,16,2.0,9.302098797215724,0.5238095238095238
Ricardo Hall,HERO,21,2.0,9.037295651962438,0.619047619047619
Michael Hernandez,HERO,16,2.0,9.355392643675321,0.6666666666666666
Joshua Lawrence,Geekay,20,3.0,9.004668301573977,0.23809523809523803
Michelle Stewart,Montra,25,2.0,8.936035096566041,0.47619047619047616
Randy Robinson,Swagtron,25,3.0,9.259225769705994,0.33333333333333337
Nicole Barton,EMotorad,14,2.0,9.224341891611996,0.8095238095238094
Jenny Marquez,Montra,15,4.0,9.235130540783402,0.23809523809523803
Julie Hammond,Montra,21,2.0,9.211439767419483,0.2857142857142857
Tracy Wilson,Swagtron,24,2.0,9.309370895439137,0.5238095238095238
Steven Sanchez,Geekay,27,1.0,9.289243969571649,0.9999999999999999
Tammy Rivas,HERO,14,1.0,9.07004328643746,0.5238095238095238
Adam Fields,Montra,18,4.0,9.365718869155696,0.8095238095238094
Kristin Franco,Swagtron,26,3.0,9.496346040047019,0.9999999999999999
Julia Palmer,HERO,28,2.0,9.431962766918454,0.8571428571428571
Mr. Anthony Franco,Montra,27,1.0,8.938662873666118,0.23809523809523803
Carolyn Duncan,HERO,20,4.0,9.44943600950432,0.8095238095238094
Richard Reed,HERO,12,2.0,8.898502209646642,0.38095238095238104
Vicki Garcia,Swagtron,22,3.0,9.256364810287462,0.8095238095238094
James Diaz,EMotorad,23,3.0,9.113939597689829,0.47619047619047616
Elizabeth Miller,Montra,25,1.0,9.210440366976517,0.33333333333333337
Deanna Hendrix,Montra,19,3.0,9.016876974763383,0.5238095238095238
Matthew Vargas,Geekay,18,4.0,9.509036565691064,0.9999999999999999
Ronald Rice,Geekay,25,1.0,9.249657234353133,0.6666666666666666
Sarah Garcia,HERO,27,2.0,8.835064935031076,0.0
Barbara Mcgee,HERO,21,1.0,9.078065332666364,0.04761904761904756
Margaret Jordan,Geekay,18,4.0,9.509036565691064,0.9999999999999999
Harry Hernandez,HERO,23,4.0,8.926783114101351,0.04761904761904756
Angela Haley,HERO,19,3.0,9.087155271405804,0.19047619047619035
Johnny Simmons,Montra,13,2.0,9.317489287493226,0.5714285714285713
Ronald Franco,Geekay,20,4.0,8.976009475021396,0.38095238095238104
Kristen Adams,EMotorad,14,3.0,9.4407375520017,0.8571428571428571
Pamela Burns,EMotorad,26,2.0,9.13356731317027,0.5714285714285713
Gwendolyn Freeman,Geekay,17,2.0,9.356257246876337,0.9047619047619048
Mrs. Christina Brown,HERO,16,4.0,8.969669103793757,0.1428571428571429
Elijah Smith,HERO,26,2.0,9.292933670280036,0.47619047619047616
Tracey Williams,Montra,13,2.0,9.003439196207838,0.33333333333333337
Derek Santiago,HERO,24,3.0,9.479680250180099,0.9523809523809522
Brian Ward,Swagtron,12,1.0,9.237079669165805,0.6666666666666666
Emily Sanchez,Montra,21,2.0,9.250618218474752,0.38095238095238104
Frank Lloyd,HERO,28,3.0,9.299358068293836,0.6666666666666666
Sean Davis,HERO,14,3.0,9.058470422638056,0.1428571428571429
Dr. Samantha Hurst MD,EMotorad,20,3.0,9.174816815907135,0.1428571428571429
Andrew Bender,HERO,22,4.0,9.36913738372318,0.8095238095238094
Rachel Bowen,EMotorad,28,4.0,9.439943018351132,0.9999999999999999
Marcus Johnson,Montra,13,1.0,9.177920480720072,0.9999999999999999
Hayley Wallace DDS,Swagtron,12,4.0,9.171703488361265,0.5714285714285713
Beth Hardin,EMotorad,17,3.0,9.27058845232154,0.619047619047619
Phillip Ramos,Montra,14,2.0,9.248695325852646,0.33333333333333337
Matthew Franco,EMotorad,27,1.0,9.360569085222874,0.7142857142857143
Shaun Walker,Montra,15,3.0,9.375939552625749,0.6666666666666666
Emily Fields,Montra,26,4.0,9.283683766200392,0.33333333333333337
Angela Brown,Montra,17,3.0,9.4588397305527,0.47619047619047616
Charles Kramer,Geekay,23,1.0,9.057305735807121,0.47619047619047616
Jim Sloan,Montra,18,1.0,9.317489287493226,0.619047619047619
Christine Espinoza,Swagtron,18,1.0,9.11943049661634,0.8571428571428571
Todd Bowen,EMotorad,18,2.0,8.984818995876008,0.04761904761904756
Megan Harmon,Montra,14,4.0,9.25349564229011,0.5238095238095238
Christopher Edwards,Swagtron,18,1.0,9.40351943877092,0.8571428571428571
Amy Scott,HERO,17,2.0,9.265869681768663,0.6666666666666666
Lorraine Wood,Geekay,17,4.0,9.237079669165805,0.23809523809523803
Victor Carter,Swagtron,25,2.0,9.042040056544483,0.38095238095238104
Barbara Villarreal,HERO,21,4.0,9.385217621880901,0.8571428571428571
Michael Ali,Montra,16,4.0,8.94389780251682,0.09523809523809523
Michael Mclaughlin,Montra,25,4.0,9.263975921142093,0.5238095238095238
Brian Williams,Geekay,29,1.0,9.109525066737367,0.5714285714285713
John Gordon,Montra,15,4.0,9.042040056544483,0.5238095238095238
Barbara Barnes,Geekay,25,2.0,8.916103530553727,0.38095238095238104
Cindy Oneill,Geekay,20,3.0,8.832149906002899,0.19047619047619035
Brianna Montes,Geekay,25,3.0,9.15915233520675,0.8095238095238094
Mrs. Megan Campbell MD,EMotorad,17,4.0,9.06773940337716,0.5714285714285713
Justin Stephens,Geekay,28,1.0,9.308464769969381,0.8095238095238094
Jeffrey Bailey,Geekay,26,4.0,9.144307401371744,0.47619047619047616
William Harrell,HERO,17,2.0,9.30301070681749,0.761904761904762
Adrian Gomez,EMotorad,13,3.0,9.10286651367095,0.47619047619047616
Catherine Arnold,Montra,17,2.0,9.30301070681749,0.5238095238095238
Bryan Jones,Geekay,18,2.0,8.879193928110318,0.09523809523809523
Suzanne Dean,Geekay,24,3.0,8.99850761180784,0.47619047619047616
Aaron Mooney,HERO,22,1.0,9.207436158828793,0.5714285714285713
Michael Williams,Geekay,26,2.0,9.414178772232386,0.8095238095238094
Arthur Williams,Swagtron,20,3.0,9.042040056544483,0.33333333333333337
Steven Martinez,HERO,19,1.0,9.370842268630211,0.761904761904762
Donna Bowen,Swagtron,25,2.0,9.19532825185568,0.47619047619047616
Alexandra Moore,HERO,17,2.0,9.008346579384707,0.09523809523809523
Jessica Wolf,HERO,27,2.0,9.293853972204001,0.7142857142857143
Taylor Riddle,EMotorad,22,2.0,9.307557822691543,0.47619047619047616
Ashlee Miller,Swagtron,15,4.0,9.396902923027392,0.6666666666666666
Anthony Diaz,Montra,22,1.0,9.338821533624722,0.9047619047619048
Jason Castaneda,EMotorad,15,2.0,9.371693622333941,0.9523809523809522
Kimberly Butler,HERO,26,3.0,8.976009475021396,0.4285714285714285
Michael Johnson,Swagtron,17,4.0,8.835064935031076,0.1428571428571429
Bailey Jones,HERO,16,3.0,9.410092463833022,0.761904761904762
Ricky Brown,EMotorad,29,3.0,8.87360810154911,0.0
Thomas Moore,Montra,17,1.0,9.118334726180159,0.619047619047619
Jerry Morales,Montra,15,3.0,8.881975184248867,0.2857142857142857
Jennifer Clarke,Montra,17,4.0,9.112837790614945,0.19047619047619035
Mr. Justin Johnson,Geekay,20,2.0,9.036106025364846,0.1428571428571429
Dylan Johnston,Swagtron,16,2.0,9.264923249746474,0.9047619047619048
Christopher Hamilton,Geekay,29,3.0,9.43675855582405,0.8095238095238094
Kelly Wright,EMotorad,13,1.0,9.276221741089696,0.761904761904762
Anne Berger,EMotorad,13,1.0,8.97221007835365,0.33333333333333337
Jonathan Leblanc,Montra,20,2.0,9.311180686902254,0.5238095238095238
Andrew Garcia,HERO,29,2.0,9.136801468641313,0.09523809523809523
Alyssa Green,Montra,19,3.0,9.0642735958414,0.38095238095238104
Lindsey Lewis,EMotorad,23,1.0,8.879193928110318,0.38095238095238104
Michael Jenkins,Swagtron,20,3.0,8.897135342293316,0.2857142857142857
Lee Cervantes,EMotorad,28,2.0,9.463508636396089,0.9523809523809522
Carolyn Chen,Montra,13,2.0,8.97853441008332,0.04761904761904756
Stacey Kramer,Montra,29,2.0,9.33617975681533,0.9999999999999999
Amber Wallace,Montra,24,1.0,9.147507062804614,0.19047619047619035
Bryan Moore III,Geekay,26,2.0,9.274347501950475,0.9047619047619048
Christopher Murray,Geekay,12,2.0,9.096163326913784,0.5238095238095238
Samantha Hughes,HERO,14,1.0,9.046762057999363,0.23809523809523803
Samuel Ross,Swagtron,26,2.0,9.019300924562506,0.33333333333333337
Michael Alexander,HERO,23,1.0,9.266815218904162,0.47619047619047616
Kathleen Cross,EMotorad,21,1.0,9.144307401371744,0.4285714285714285
Jennifer Cannon,Montra,26,2.0,9.364005219520333,0.9047619047619048
Veronica Moran,EMotorad,12,3.0,9.187174093944343,0.9047619047619048
Toni Burns,Swagtron,24,2.0,9.152817185732516,0.8571428571428571
Elizabeth Robbins,Swagtron,21,2.0,9.26964647787359,0.9047619047619048
Nancy Santiago,Montra,16,2.0,9.186150133174966,0.23809523809523803
Robert George,Swagtron,19,4.0,9.09279480812114,0.619047619047619
Kathryn Schwartz,Geekay,15,2.0,9.076923258535832,0.7142857142857143
David Garrison,HERO,28,3.0,9.299358068293836,0.9047619047619048
Kelly Walker PhD,Montra,24,3.0,9.158099260130491,0.5714285714285713
Holly Williams,EMotorad,17,3.0,9.325542301664866,0.9999999999999999
Christopher Rivas,HERO,25,1.0,9.19023970026918,0.5238095238095238
Brandon Carr,Geekay,28,4.0,9.14644164612595,0.0
Nicholas Beck,HERO,25,4.0,9.225327501784431,0.47619047619047616
Rhonda Hayes,EMotorad,29,3.0,8.928110078202646,0.47619047619047616
Gina Mullins,Swagtron,19,4.0,8.74687531957003,0.0
Matthew Harris,Geekay,29,1.0,9.087155271405804,0.04761904761904756
Marcus Vargas,EMotorad,26,2.0,9.292933670280036,0.7142857142857143
Benjamin Garcia,HERO,15,3.0,9.059633754551479,0.619047619047619
Jessica Miller,HERO,22,4.0,9.261128538808288,0.5238095238095238
Theresa Fuller,EMotorad,22,3.0,9.217415285648144,0.47619047619047616
Kristen Wilson,Montra,13,3.0,9.080345575359996,0.47619047619047616
Valerie Baker,HERO,28,3.0,9.11943049661634,0.47619047619047616
Donna Bailey,Geekay,22,3.0,9.329988334242078,0.9999999999999999
Kevin Davis,EMotorad,28,2.0,9.238052810542719,0.33333333333333337
Ashley Kelly,Montra,14,3.0,9.103979355984773,0.47619047619047616
Nicole Jacobs,EMotorad,18,4.0,9.0455836463617,0.5238095238095238
Deanna Wallace,EMotorad,21,4.0,8.75004942158424,0.0
Brenda Barnett,Montra,14,1.0,9.09279480812114,0.8095238095238094
Mr. Patrick Osborne,Swagtron,24,1.0,9.3048320350689,0.5714285714285713
Troy Mack,Geekay,21,4.0,9.351058378915063,0.47619047619047616
Robert Coffey,Montra,16,3.0,9.306650052113591,0.7142857142857143
Lauren Pearson,HERO,16,4.0,9.414178772232386,0.47619047619047616
Jessica Gould,Geekay,21,1.0,8.848078421168667,0.09523809523809523
Dana Chapman,HERO,22,3.0,8.775085935057266,0.09523809523809523
Austin Colon,HERO,24,4.0,9.33617975681533,0.47619047619047616
Randall Brown,Montra,20,2.0,9.169622538697624,0.19047619047619035
Brian Bell,Montra,13,4.0,9.108418382250798,0.19047619047619035
Angela Ramos,Montra,17,1.0,9.241935933565934,0.9047619047619048
Adam Hernandez,Swagtron,19,4.0,9.17895289873455,0.5714285714285713
Dawn Dennis,Geekay,12,3.0,9.246768728589734,0.8095238095238094
Janet Butler,HERO,13,4.0,9.151757414543885,0.761904761904762
Joseph Santiago,Geekay,15,1.0,9.15915233520675,0.7142857142857143
Brian Brooks,HERO,20,4.0,9.15915233520675,0.2857142857142857
Nicholas Thomas,Swagtron,19,3.0,8.88751459738882,0.2857142857142857
Brian Hernandez,Swagtron,22,4.0,9.16871235542852,0.761904761904762
Bradley Wood,EMotorad,15,2.0,9.137877200242468,0.4285714285714285
Sean Jennings,EMotorad,24,2.0,9.04085606398372,0.619047619047619
Jaclyn Ross,EMotorad,25,4.0,9.121618441915379,0.4285714285714285
Ms. Jennifer Taylor,EMotorad,12,4.0,9.343209045050607,0.9999999999999999
Andrew Clarke,Geekay,22,1.0,8.849513965486398,0.09523809523809523
Amber Gray,Swagtron,15,1.0,9.024131268455035,0.4285714285714285
James Orr,Geekay,18,4.0,9.218407743053941,0.6666666666666666
Elizabeth Jones,Geekay,15,1.0,8.895766604056085,0.19047619047619035
Thomas Henderson,EMotorad,18,1.0,9.435960853165286,0.9523809523809522
Christopher Campbell,Swagtron,14,3.0,8.852378886511985,0.0
Peter Juarez,EMotorad,18,4.0,9.135724578595394,0.47619047619047616
Tara Munoz,Swagtron,23,4.0,9.299358068293836,0.619047619047619
Garrett Burns,Montra,12,2.0,9.096163326913784,0.5238095238095238
Peter Sawyer,Swagtron,16,2.0,8.725994381014571,0.09523809523809523
Jennifer Haynes,HERO,25,1.0,9.169622538697624,0.23809523809523803
Hayley Rice,Geekay,20,1.0,9.10063710688422,0.33333333333333337
Richard Swanson,Swagtron,14,4.0,9.272469743441732,0.8095238095238094
Curtis Bryant,Montra,13,2.0,9.027738775974909,0.1428571428571429
Stephanie Russell,Geekay,24,4.0,9.420682331453184,0.7142857142857143
Jessica Rodgers,Swagtron,27,4.0,9.079206103951382,0.09523809523809523
Michael Garcia,HERO,13,4.0,9.151757414543885,0.761904761904762
Natalie Roach,Swagtron,24,2.0,9.272469743441732,0.9047619047619048
Brian Wright,Geekay,17,4.0,9.293853972204001,0.8571428571428571
Susan Harris,Geekay,18,2.0,9.14644164612595,0.8571428571428571
Cristina Larson,Montra,13,2.0,9.074635189810808,0.47619047619047616
Adriana Shepherd,Geekay,22,1.0,9.123801610558944,0.8571428571428571
Christian Perez,HERO,18,4.0,8.97221007835365,0.1428571428571429
Michelle Holt,Montra,18,2.0,9.471242028892995,0.9999999999999999
Steven Zimmerman,Swagtron,18,1.0,9.203416456903359,0.8095238095238094
Cynthia Miller,Montra,18,1.0,9.203416456903359,0.33333333333333337
Tony Wiggins,Montra,23,2.0,8.965845494750937,0.47619047619047616
Nicole Merritt,Montra,14,3.0,9.286467732363734,0.6666666666666666
Kerry Harris,Geekay,24,1.0,9.058470422638056,0.23809523809523803
Cody Thomas,HERO,21,2.0,9.211439767419483,0.5238095238095238
Donna Espinoza,Swagtron,20,1.0,9.421492310438014,0.9047619047619048
Dawn Evans,Swagtron,17,3.0,9.307557822691543,0.47619047619047616
Cindy Campbell,Montra,23,4.0,9.027738775974909,0.47619047619047616
Jonathan Ross,HERO,13,2.0,8.926783114101351,0.4285714285714285
Linda Harrison,EMotorad,23,4.0,9.097283649683886,0.1428571428571429
Hunter Ryan,Montra,27,1.0,8.964567702601611,0.5238095238095238
Paige Meyers,EMotorad,24,3.0,9.115040192121858,0.0
Anthony Jones,EMotorad,27,3.0,8.898502209646642,0.2857142857142857
Justin Saunders,Geekay,24,1.0,9.340578848899913,0.9047619047619048
Kaitlyn West,EMotorad,25,2.0,9.21542741102474,0.9999999999999999
Jeremiah Carter,Geekay,24,2.0,9.109525066737367,0.04761904761904756
Charles Rodriguez,Geekay,21,1.0,9.302098797215724,0.5714285714285713
Derrick Reyes,EMotorad,18,3.0,9.193295937366925,0.4285714285714285
Tara Williams,Swagtron,16,4.0,9.397732385583243,0.9047619047619048
Dwayne Cook,Geekay,28,3.0,9.141097469234023,0.5238095238095238
Jesse Richardson,EMotorad,20,3.0,9.065430200180375,0.1428571428571429
Alicia Clark,HERO,17,3.0,8.964567702601611,0.4285714285714285
Michael Woods,Geekay,27,1.0,9.129238770539141,0.38095238095238104
Maria Carney,Geekay,17,4.0,9.414994033976548,0.9523809523809522
Stephanie Tran,Swagtron,17,3.0,9.171703488361265,0.38095238095238104
Meagan Jones,Geekay,29,1.0,9.152817185732516,0.4285714285714285
Brian Allen PhD,Geekay,12,2.0,9.140025198061156,0.619047619047619
Regina Burke,Swagtron,28,2.0,9.091669442258505,0.7142857142857143
Johnathan Mendoza,Montra,28,3.0,9.317489287493226,0.7142857142857143
Tina Daniels,HERO,12,3.0,9.079206103951382,0.19047619047619035
Tina Williams,Geekay,22,4.0,9.161255164285691,0.04761904761904756
Christopher Wilson,EMotorad,24,3.0,9.219399216464529,0.23809523809523803
Cynthia Garcia,Montra,12,2.0,9.073489189226986,0.47619047619047616
Travis Foley Jr.,Montra,19,1.0,8.785845337961213,0.0
Olivia Lewis,EMotorad,17,1.0,9.419060402624668,0.9047619047619048
Mrs. Jennifer Diaz,Swagtron,16,4.0,9.0432226489245,0.2857142857142857
Rachel Johnson,Montra,16,1.0,9.16871235542852,0.1428571428571429
Judy Frazier,Geekay,17,4.0,9.256364810287462,0.761904761904762
Danielle Orozco,Swagtron,24,3.0,8.947806093057054,0.1428571428571429
Stephanie Perez,Montra,29,1.0,9.087155271405804,0.2857142857142857
Laura Jones,Swagtron,24,4.0,9.004668301573977,0.4285714285714285
Lori Powell,Geekay,18,4.0,9.0217190130337,0.23809523809523803
Keith Allen,Montra,19,3.0,9.234154550075438,0.5238095238095238
Teresa Wheeler,EMotorad,28,2.0,9.415808631610384,0.8095238095238094
James Miller,Montra,12,1.0,9.176886995716963,0.5238095238095238
Ryan Ward,Geekay,27,3.0,8.812992231969966,0.1428571428571429
Justin Walsh,Geekay,22,1.0,9.265869681768663,0.9523809523809522
Kevin Tucker,Swagtron,15,2.0,9.35452729228868,0.6666666666666666
Anna Chandler,Geekay,15,1.0,9.024131268455035,0.6666666666666666
Brent Lowe II,Geekay,28,4.0,9.266815218904162,0.761904761904762
Angela Bowman,HERO,28,1.0,9.015662792972645,0.1428571428571429
Ryan Martin,Geekay,21,4.0,9.260177606823355,0.9999999999999999
Samantha Gill,HERO,17,2.0,9.101752431559284,0.2857142857142857
Clarence Lewis,Geekay,28,4.0,9.357121103184378,0.5238095238095238
Donald Cooper,Montra,29,3.0,9.028938392241612,0.2857142857142857
Daniel Moore,Montra,20,4.0,9.33353098253138,0.9523809523809522
Erica Warren,Swagtron,20,4.0,8.954286157204713,0.09523809523809523
Victoria Martinez,Geekay,27,3.0,9.002208578282412,0.0
Linda Sullivan,EMotorad,18,4.0,9.15704507491796,0.04761904761904756
Kenneth Caldwell,Montra,26,4.0,9.355392643675321,0.9999999999999999
Meghan Cummings,HERO,13,3.0,8.821879862683842,0.19047619047619035
Kimberly Tran,HERO,16,4.0,9.381010986029276,0.619047619047619
Dr. Jessica Lambert,HERO,28,4.0,8.984818995876008,0.38095238095238104
Mr. Jake Jordan,Geekay,16,2.0,8.840869624091395,0.33333333333333337
Crystal Hernandez,EMotorad,19,1.0,9.387733135533384,0.8095238095238094
Jonathan Roberts,Montra,26,4.0,9.422301633887823,0.9523809523809522
Kelly Morris,Geekay,19,3.0,9.0642735958414,0.38095238095238104
Holly Carter,Swagtron,14,3.0,9.103979355984773,0.23809523809523803
James Morrison,EMotorad,28,1.0,9.086023537468803,0.04761904761904756
Dana Taylor,EMotorad,27,3.0,9.45100945015621,0.8571428571428571
Richard Clayton,Geekay,27,3.0,9.222367752188902,0.47619047619047616
David Thomas,Montra,23,1.0,9.285540604539118,0.5238095238095238
Andrew Holmes,EMotorad,26,2.0,9.13356731317027,0.33333333333333337
Kelly Short,HERO,19,1.0,8.928110078202646,0.47619047619047616
Matthew Leonard,Montra,14,3.0,9.322865162818028,0.9999999999999999
Carolyn Morales,HERO,29,4.0,9.189218875354072,0.33333333333333337
Anthony Howard,Geekay,15,3.0,9.34145634983372,0.5714285714285713
Michael Grant,Geekay,19,4.0,9.479680250180099,0.9047619047619048
Brooke Ingram,Swagtron,25,4.0,9.099520536870939,0.619047619047619
Tiffany Stewart,HERO,28,4.0,9.033722518098907,0.47619047619047616
Ronald Price,Montra,17,2.0,8.905308661189288,0.1428571428571429
Brian Chapman,Swagtron,16,2.0,9.283683766200392,0.9523809523809522
Thomas Grimes,Montra,25,2.0,9.268703615273097,0.9523809523809522
Tricia Sullivan,HERO,17,2.0,9.227295812625597,0.8095238095238094
Angela Contreras,Swagtron,23,4.0,9.317489287493226,0.9047619047619048
Joseph Hall,Swagtron,20,3.0,8.860924729719041,0.23809523809523803
Michael Cox,Montra,12,3.0,9.123801610558944,0.04761904761904756
Cheryl Farrell,Montra,29,4.0,9.189218875354072,0.5714285714285713
Ronald Peterson,HERO,17,3.0,8.912069097970134,0.33333333333333337
Jennifer Stanton,Swagtron,16,3.0,9.211439767419483,0.23809523809523803
Billy Richards,HERO,13,2.0,9.280892027927127,0.9523809523809522
Sean Smith,Montra,17,4.0,8.945202263959297,0.09523809523809523
Peter Shaw,Montra,28,3.0,9.242904362849446,0.761904761904762
Charles Love,Montra,18,2.0,9.271529540288606,0.619047619047619
Jeffrey Dodson,Montra,20,3.0,9.065430200180375,0.38095238095238104
Raymond Dunlap,Swagtron,16,4.0,9.066585468331045,0.33333333333333337
Laura Williams,Geekay,22,4.0,9.161255164285691,0.04761904761904756
David French,EMotorad,22,1.0,8.958154135209242,0.04761904761904756
Kimberly Lewis,HERO,15,1.0,8.94910546953925,0.04761904761904756
William Ayala,HERO,17,3.0,9.289243969571649,0.4285714285714285
April Wu,EMotorad,21,2.0,9.170663554823284,0.19047619047619035
Dawn Small,Montra,20,2.0,8.987321812850125,0.2857142857142857
Nicole Young,EMotorad,29,4.0,8.934718614016768,0.04761904761904756
Hannah Wood,Geekay,20,4.0,9.38437770918244,0.8571428571428571
Michelle Leon,Geekay,22,1.0,9.43914785291483,0.9523809523809522
Mr. Christopher Riddle,EMotorad,13,1.0,8.920121751872404,0.47619047619047616
Alyssa Garcia,EMotorad,26,4.0,9.337941716569905,0.7142857142857143
Tiffany Clark,Geekay,17,2.0,8.759511722116489,0.1428571428571429
Rachel Farmer,Montra,28,1.0,9.326433090963036,0.8571428571428571
Dakota Brown,EMotorad,15,1.0,9.44943600950432,0.9999999999999999
Oscar Jones,EMotorad,19,3.0,8.88751459738882,0.2857142857142857
Douglas Morris,Swagtron,13,2.0,9.451795243061646,0.9523809523809522
Candice Harris,HERO,20,3.0,9.235130540783402,0.9999999999999999
David Mcdonald,HERO,12,1.0,8.918784137975802,0.0
Dr. Mark Conley MD,Geekay,17,1.0,9.241935933565934,0.6666666666666666
Sarah Gonzalez,HERO,27,1.0,8.73568594451502,0.1428571428571429
Angela Jones,HERO,18,1.0,9.451795243061646,0.9999999999999999
Sergio Rodriguez,Montra,27,4.0,9.032528630660057,0.23809523809523803
Mr. John Maldonado MD,Geekay,20,2.0,9.16871235542852,0.33333333333333337
Jerome Hall,Geekay,21,2.0,9.211439767419483,0.761904761904762
Tanya Smith,Montra,29,2.0,9.313889247604742,0.5238095238095238
Margaret Daugherty,Montra,28,2.0,9.218407743053941,0.5238095238095238
Jason Horton,EMotorad,28,3.0,9.162304922937626,0.5714285714285713
Joseph Alexander,Montra,23,3.0,8.920121751872404,0.09523809523809523
Terry Perry,HERO,26,3.0,9.117237753713859,0.23809523809523803
Jessica Gonzalez,Montra,17,1.0,9.16871235542852,0.8095238095238094
Randall Anderson DVM,Geekay,27,4.0,9.321076413570848,0.6666666666666666
Catherine Kennedy,Swagtron,25,2.0,8.832149906002899,0.23809523809523803
Jennifer Norton,Geekay,23,4.0,9.11943049661634,0.6666666666666666
Kenneth Elliott,Montra,23,2.0,9.130322663990151,0.8095238095238094
Sandra White,Swagtron,13,2.0,9.262078567380597,0.4285714285714285
Kayla Castillo,EMotorad,19,3.0,9.087155271405804,0.47619047619047616
Sheri Long,Swagtron,28,1.0,8.991064332188461,0.5714285714285713
John Hunt,Geekay,19,1.0,9.098402718735318,0.09523809523809523
Dr. Donna Ryan,EMotorad,20,4.0,8.983565234427923,0.1428571428571429
Christian White,Montra,20,1.0,8.918784137975802,0.0
Ronald Estrada,Montra,16,3.0,9.149634496858788,0.5714285714285713
Brittany Stokes,Swagtron,14,2.0,9.004668301573977,0.5714285714285713
William Johnson,EMotorad,20,4.0,9.071193240566025,0.5714285714285713
Michelle Zimmerman,Swagtron,22,3.0,9.462731997649378,0.9047619047619048
Jeffrey Taylor,Swagtron,17,2.0,8.958154135209242,0.0
Marie Brown,Geekay,18,1.0,9.3868953338758,0.8095238095238094
Sarah Olsen,Montra,18,4.0,9.068892008391808,0.09523809523809523
Heather Davies,EMotorad,16,4.0,9.292933670280036,0.8571428571428571
Michael Graham,Geekay,13,2.0,9.352794339771116,0.9047619047619048
Angela Murphy,EMotorad,16,2.0,8.75004942158424,0.19047619047619035
Anthony Wagner,Montra,17,4.0,9.431161227920747,0.9999999999999999
Christine Crawford,Swagtron,17,1.0,9.161255164285691,0.23809523809523803
Ryan Welch,Geekay,20,1.0,9.16871235542852,0.8095238095238094
David Ingram,Geekay,15,2.0,9.099520536870939,0.2857142857142857
Jacob Rangel,Geekay,29,3.0,9.318387276059317,0.7142857142857143
Allison Rodriguez,Montra,20,1.0,8.964567702601611,0.04761904761904756
Randy Sandoval,Geekay,21,4.0,9.138951775888529,0.7142857142857143
Antonio Hudson,Swagtron,20,4.0,9.11173476822206,0.4285714285714285
Jason Barron,Montra,29,4.0,9.3048320350689,0.619047619047619
Bailey Baker,EMotorad,14,4.0,9.17378011666438,0.8095238095238094
Christopher Smith,Swagtron,15,2.0,9.319284458965361,0.5714285714285713
Gail Chaney,Geekay,25,1.0,9.287394001418473,0.9999999999999999
Alex Clark,Swagtron,23,2.0,9.151757414543885,0.619047619047619
Shawn Zamora,EMotorad,25,3.0,9.278092474027002,0.8571428571428571
Tami Brooks,Montra,16,1.0,9.160204302482386,0.7142857142857143
Melissa Smith,Montra,29,2.0,8.706324840138741,0.47619047619047616
Christopher Schneider,Montra,18,1.0,9.074635189810808,0.5238095238095238
Robert Holt,Swagtron,27,3.0,9.202409001649903,0.4285714285714285
David Pennington,HERO,14,2.0,9.243871855184976,0.8571428571428571
Jeffery Alexander,Swagtron,22,1.0,9.008346579384707,0.38095238095238104
Samuel Wilcox,Geekay,29,1.0,9.42875274891449,0.9047619047619048
Melissa Smith,EMotorad,17,4.0,9.237079669165805,0.7142857142857143
Brandi King,Swagtron,16,3.0,9.08375621986673,0.19047619047619035
Mr. Kevin Thompson,Montra,16,4.0,9.13356731317027,0.47619047619047616
Heather Saunders,Montra,27,4.0,9.187174093944343,0.8095238095238094
Melissa Elliott,Geekay,14,2.0,8.845201135339584,0.2857142857142857
Frank Brown,Geekay,23,4.0,9.369990189505721,0.5714285714285713
Nicole Pugh,EMotorad,14,3.0,9.058470422638056,0.38095238095238104
Timothy Rodriguez,HERO,13,3.0,9.266815218904162,0.38095238095238104
Kristopher Matthews,HERO,26,1.0,9.01322999770879,0.38095238095238104
Matthew Mullins,EMotorad,28,2.0,9.238052810542719,0.5714285714285713
Samuel Cole,EMotorad,23,1.0,9.167537249650874,0.23809523809523803
Stanley Joyce,Montra,13,4.0,9.378478484253662,0.8571428571428571
Lynn Larson,Swagtron,13,1.0,8.679482094459956,0.09523809523809523
Daniel Mcpherson,HERO,25,3.0,8.999742789830492,0.23809523809523803
Anthony Richard,EMotorad,18,3.0,9.213435576883485,0.23809523809523803
Juan Rangel,EMotorad,25,2.0,9.225327501784431,0.19047619047619035
James Perez,Geekay,20,1.0,8.926783114101351,0.47619047619047616
Jonathan Diaz,HERO,28,3.0,9.262078567380597,0.8095238095238094
Melissa Lopez,Montra,15,3.0,9.23024103368252,0.5238095238095238
Marcus Harris,HERO,26,2.0,9.13356731317027,0.8095238095238094
Gabriel Jordan,Montra,14,1.0,8.866581653303996,0.38095238095238104
Katherine Pham,HERO,17,1.0,8.870803443982124,0.1428571428571429
Nathan Allen,Geekay,19,2.0,9.3048320350689,0.761904761904762
Diana Perez,Geekay,27,3.0,9.241935933565934,0.5238095238095238
Brianna Howard,HERO,26,2.0,9.154933364704444,0.8571428571428571
Tracy Townsend,Montra,15,2.0,9.076923258535832,0.7142857142857143
Gary Anderson,HERO,19,2.0,8.908018322784887,0.1428571428571429
Brendan Kelly,Swagtron,19,3.0,9.087155271405804,0.19047619047619035
Thomas Summers,HERO,18,4.0,9.276221741089696,0.33333333333333337
Willie Garcia,Montra,29,4.0,9.4407375520017,0.9999999999999999
Carla Anderson,EMotorad,23,4.0,9.512738628263644,0.9999999999999999
Neil Powell,HERO,15,2.0,8.756367559802975,0.1428571428571429
Marc Murphy,Geekay,25,2.0,9.164401140034737,0.5238095238095238
Michael Smith,Montra,16,1.0,9.351058378915063,0.7142857142857143
Sandra Holmes,Montra,18,4.0,9.294773427951013,0.619047619047619
Jeffrey Russell,Montra,23,3.0,9.312987208936326,0.47619047619047616
Ryan Pope,Swagtron,26,2.0,9.16871235542852,0.04761904761904756
Christian Nicholson,Montra,24,2.0,9.214431989879436,0.5238095238095238
Ryan Marks,Montra,15,4.0,9.132486932771318,0.23809523809523803
Dean Turner,EMotorad,17,2.0,9.166492972195906,0.19047619047619035
Matthew Owens,Montra,19,2.0,8.823353485113792,0.0
Troy Hernandez,Geekay,26,2.0,8.833608482690892,0.23809523809523803
Mark Lucero,EMotorad,23,2.0,9.308464769969381,0.5238095238095238
Daniel Avery,EMotorad,21,1.0,9.320180837655714,0.619047619047619
Angela Esparza,Montra,23,3.0,8.920121751872404,0.33333333333333337
Sheila Jones,EMotorad,28,1.0,9.23317760587894,0.38095238095238104
Fernando Miranda,EMotorad,19,4.0,9.158099260130491,0.5238095238095238
Andrew Chandler,Geekay,13,4.0,9.151757414543885,0.04761904761904756
John Alexander,Montra,12,2.0,9.351926736038054,0.6666666666666666
Michelle Simmons,Swagtron,21,2.0,9.211439767419483,0.2857142857142857
Melanie Baker,HERO,20,4.0,9.04793908261736,0.5238095238095238
Leonard Franco,HERO,23,2.0,8.965845494750937,0.47619047619047616
Vanessa Patterson,EMotorad,29,1.0,8.637816633739977,0.0
Willie Henry,Swagtron,27,2.0,9.256364810287462,0.8571428571428571
Stephanie Perez,HERO,15,1.0,8.867990898182093,0.38095238095238104
Stacy Anderson,EMotorad,22,3.0,9.134646527606982,0.2857142857142857
Rachel Miller,Geekay,26,1.0,9.08375621986673,0.5238095238095238
John Smith,Montra,27,4.0,9.207436158828793,0.1428571428571429
Linda Harvey,Montra,13,4.0,9.16871235542852,0.9523809523809522
Chad Evans,Swagtron,24,4.0,9.12052506765382,0.19047619047619035
Adam Ray,EMotorad,23,1.0,8.906664409770052,0.19047619047619035
Marissa Burns,EMotorad,19,3.0,9.344958673700944,0.8095238095238094
Rachel Leblanc,Montra,23,4.0,9.335297611380566,0.9523809523809522
Courtney Stephens,HERO,25,2.0,9.088285725968877,0.7142857142857143
Rodney Ramsey,Geekay,14,1.0,9.136801468641313,0.9047619047619048
David Washington,Montra,13,3.0,9.167537249650874,0.38095238095238104
Joshua Abbott,Swagtron,28,1.0,9.039670667922676,0.4285714285714285
Kimberly Ruiz,Montra,13,1.0,9.399389249519563,0.8571428571428571
Joseph Wright,EMotorad,28,3.0,9.262078567380597,0.8095238095238094
Tina Hurst,Swagtron,13,1.0,9.091669442258505,0.33333333333333337
Jerry Decker,HERO,13,4.0,9.308464769969381,0.9047619047619048
Mark Alvarez,Swagtron,24,3.0,9.17895289873455,0.1428571428571429
Matthew King,Geekay,18,1.0,8.899867211223587,0.4285714285714285
Joshua Ayers,Montra,20,2.0,9.19023970026918,0.7142857142857143
Vanessa Klein,Geekay,20,3.0,9.132486932771318,0.761904761904762
Dillon Thomas,Montra,20,2.0,9.132486932771318,0.33333333333333337
Christopher Kaufman,HERO,22,1.0,9.28461261635077,0.9999999999999999
Whitney Haynes,Montra,12,2.0,8.751632702472298,0.1428571428571429
Mary Stephens,HERO,16,3.0,9.149634496858788,0.33333333333333337
Keith Bell,Swagtron,12,1.0,9.112837790614945,0.38095238095238104
Johnny Robinson,HERO,17,3.0,8.989818381366925,0.23809523809523803
Mr. Johnny Brown IV,Montra,27,1.0,9.061956366209925,0.23809523809523803
Erica Sanders,Swagtron,27,4.0,8.932080438103307,0.04761904761904756
Michael Bailey,Swagtron,24,4.0,9.318387276059317,0.6666666666666666
David Delgado,EMotorad,25,4.0,9.263975921142093,0.2857142857142857
Sarah Gillespie,Geekay,22,2.0,9.410911062438,0.8095238095238094
Lisa Fernandez,Swagtron,21,2.0,9.250618218474752,0.38095238095238104
Perry Patterson,Swagtron,28,4.0,8.791941988456118,0.04761904761904756
Michael Carroll,Swagtron,18,3.0,9.151757414543885,0.09523809523809523
Timothy Franklin,HERO,15,3.0,9.32375833901174,0.761904761904762
Alice Burton,Montra,28,1.0,8.704668113450987,0.09523809523809523
Sarah Stokes,EMotorad,12,3.0,9.321076413570848,0.5238095238095238
Michelle Holder,HERO,13,3.0,9.10286651367095,0.47619047619047616
Jerry Brown,Geekay,12,2.0,9.36913738372318,0.9523809523809522
Joseph Duran,Swagtron,23,3.0,9.198369000194964,0.19047619047619035
Robert Willis,Geekay,27,3.0,9.386056829718001,0.6666666666666666
Sara Jones,Geekay,27,1.0,9.360569085222874,0.9523809523809522
Sandra Phillips,Geekay,19,4.0,8.947806093057054,0.47619047619047616
Justin Kelly,Swagtron,24,4.0,9.14216859187285,0.23809523809523803
Randy Henderson,HERO,25,2.0,9.174816815907135,0.6666666666666666
Kent Kirk,Montra,26,2.0,9.346705246496699,0.8571428571428571
Ronald Evans,Montra,26,1.0,9.037295651962438,0.6666666666666666
Robert Davis,EMotorad,19,2.0,9.189218875354072,0.7142857142857143
Gabriel Brown,Swagtron,24,2.0,9.340578848899913,0.9047619047619048
Anthony Oliver,Montra,23,4.0,9.16871235542852,0.0
Michelle Stuart,HERO,24,4.0,9.052633375946147,0.2857142857142857
Mr. Jeffrey Hendrix MD,Geekay,27,1.0,9.038483865029992,0.4285714285714285
Doris Russell,HERO,23,4.0,9.051461866908694,0.04761904761904756
William Vasquez,EMotorad,25,3.0,9.137877200242468,0.5238095238095238
Jesse Daniel,Montra,26,3.0,9.138951775888529,0.2857142857142857
Tammy Fuentes,Geekay,16,4.0,9.292933670280036,0.38095238095238104
Dillon Riley,HERO,13,1.0,8.893023494394711,0.19047619047619035
Stephen Rodriguez,EMotorad,29,3.0,9.163353580751846,0.5714285714285713
Dr. Heather Park,HERO,29,3.0,8.954286157204713,0.1428571428571429
Stephanie Robinson,Swagtron,28,4.0,9.14644164612595,0.23809523809523803
Sydney Owens,Montra,21,2.0,9.231220849555537,0.5714285714285713
Veronica Lang,Montra,28,2.0,9.431962766918454,0.8571428571428571
Tammy Boyd,Geekay,14,4.0,8.88751459738882,0.0
Caleb Cross Jr.,Geekay,27,4.0,9.166492972195906,0.04761904761904756
Samantha Stokes,Montra,29,3.0,9.224341891611996,0.9523809523809522
Sarah Alvarado,HERO,18,2.0,9.223355309053677,0.619047619047619
Thomas Ritter,Geekay,12,1.0,9.06773940337716,0.761904761904762
Christine Grant,HERO,18,2.0,9.130322663990151,0.5238095238095238
Lauren Andrews,Geekay,24,3.0,9.239025005836092,0.9999999999999999
Adam Nguyen,Swagtron,27,1.0,9.343209045050607,0.6666666666666666
Savannah Farmer,HERO,22,2.0,9.038483865029992,0.619047619047619
Audrey Smith,EMotorad,14,2.0,9.243871855184976,0.38095238095238104
Fernando Wilson,Swagtron,20,1.0,8.875007486048396,0.1428571428571429
Amanda Carter,EMotorad,18,4.0,9.218407743053941,0.4285714285714285
Gina Davis,Geekay,14,4.0,9.16871235542852,0.8095238095238094
Chelsea Garcia,Geekay,12,3.0,8.849513965486398,0.23809523809523803
Joseph Sullivan,Montra,22,2.0,8.989818381366925,0.5238095238095238
Richard Mclaughlin,Montra,24,4.0,9.387733135533384,0.619047619047619
Brenda Valencia,Swagtron,15,4.0,9.21542741102474,0.4285714285714285
Christine Ritter,Geekay,21,4.0,9.297526733655099,0.619047619047619
Mary Gentry,Montra,19,1.0,9.224341891611996,0.619047619047619
Jamie Hernandez,EMotorad,28,3.0,9.141097469234023,0.761904761904762
Michael Hanson,Montra,22,3.0,9.431161227920747,0.8095238095238094
Christine Bradshaw,Montra,16,2.0,9.337941716569905,0.619047619047619
Bonnie Walters,Swagtron,29,4.0,8.960724500330858,0.33333333333333337
Cynthia Jacobs,EMotorad,20,3.0,9.249657234353133,0.8095238095238094
Angela Gilmore,EMotorad,17,1.0,9.140025198061156,0.19047619047619035
Michael Chavez,Montra,20,1.0,9.18307194482199,0.5238095238095238
Cristina Green,Swagtron,23,1.0,9.16871235542852,0.7142857142857143
Crystal Patterson,HERO,14,4.0,9.087155271405804,0.38095238095238104
Kathleen Pennington,Montra,19,1.0,8.954286157204713,0.2857142857142857
Benjamin Davis,HERO,21,4.0,9.181014542594355,0.33333333333333337
Autumn Ryan,Montra,12,3.0,9.485772721999046,0.9999999999999999
Elizabeth Medina,Geekay,28,1.0,9.290167671835738,0.5238095238095238
Daniel Jones,Swagtron,29,4.0,8.908018322784887,0.23809523809523803
Linda Zavala,EMotorad,20,2.0,9.23024103368252,0.8095238095238094
John Guzman,EMotorad,27,3.0,9.481969279105716,0.9523809523809522
Hayden Wade,Montra,28,3.0,9.097283649683886,0.4285714285714285
Thomas Garcia,EMotorad,29,4.0,8.908018322784887,0.0
Erik Gardner,Montra,22,4.0,9.261128538808288,0.2857142857142857
William Turner,Geekay,29,3.0,9.387733135533384,0.47619047619047616
Justin Palmer,Geekay,15,4.0,9.273409063443166,0.33333333333333337
Wesley Santos,Geekay,19,1.0,9.404343433543975,0.8571428571428571
Kevin Robinson,Geekay,21,4.0,8.924123891686012,0.2857142857142857
Charles Morris,HERO,15,3.0,8.79497643168877,0.1428571428571429
Erik White,EMotorad,19,1.0,8.785845337961213,0.23809523809523803
Ann Gutierrez,EMotorad,28,4.0,9.009569671513699,0.4285714285714285
Joseph Weaver,HERO,14,1.0,8.778171881033469,0.23809523809523803
Jessica Baird,HERO,16,4.0,9.430359045942868,0.761904761904762
Nicole Lee,EMotorad,16,3.0,9.231220849555537,0.2857142857142857
Elizabeth Mills,Swagtron,20,3.0,9.23317760587894,0.5238095238095238
Jared Nelson,HERO,12,1.0,9.293853972204001,0.8095238095238094
Christina Miller,Montra,29,3.0,9.404343433543975,0.9523809523809522
Joshua Duffy,Montra,17,3.0,8.912069097970134,0.33333333333333337
Kristen Mason,HERO,26,2.0,9.288319413292772,0.9999999999999999
Robert Carter,Montra,20,1.0,9.225327501784431,0.8571428571428571
Ryan Perry MD,HERO,14,2.0,9.103979355984773,0.47619047619047616
Eric Hodge,Geekay,29,1.0,9.087155271405804,0.2857142857142857
Jason Walker,EMotorad,27,1.0,8.912069097970134,0.19047619047619035
Amanda Young,Swagtron,28,4.0,8.95944014361693,0.33333333333333337
Douglas Montgomery,Swagtron,20,2.0,9.19023970026918,0.7142857142857143
Ralph Henderson,Swagtron,24,3.0,9.17895289873455,0.619047619047619
Joshua Lee,Montra,19,3.0,9.17378011666438,0.1428571428571429
Ryan Watson,Montra,24,4.0,9.16871235542852,0.2857142857142857
Kelsey Snyder,Geekay,12,3.0,9.123801610558944,0.5238095238095238
Michael Joyce,EMotorad,23,2.0,9.0455836463617,0.33333333333333337
Gregory Frey,Swagtron,23,3.0,9.16871235542852,0.5238095238095238
Austin Payne,Geekay,20,1.0,9.371693622333941,0.761904761904762
Mandy Wheeler,HERO,12,3.0,8.820404065485645,0.19047619047619035
Theresa Wright,Swagtron,25,3.0,9.367429587218957,0.47619047619047616
Rebecca Johnson,HERO,25,2.0,8.993551586299981,0.5238095238095238
Andre Gonzalez,Montra,17,4.0,9.217415285648144,0.9047619047619048
Chris Smith,Montra,27,4.0,8.958154135209242,0.09523809523809523
Andrew Ibarra,EMotorad,19,1.0,9.281823473598047,0.761904761904762
Laura Hahn,Montra,16,3.0,8.963288275610298,0.4285714285714285
Chelsea Guerrero,EMotorad,20,3.0,8.869398159883518,0.23809523809523803
Jesse Lee,EMotorad,24,3.0,9.17895289873455,0.38095238095238104
Tina Johnson,Swagtron,17,3.0,9.251578279992428,0.8095238095238094
April Jackson,Swagtron,28,1.0,9.290167671835738,0.761904761904762
Gregory Warren,EMotorad,16,2.0,9.320180837655714,0.5714285714285713
Elizabeth Adkins,Swagtron,21,4.0,9.240966565517944,0.23809523809523803
Michael Brady,Geekay,16,2.0,9.337941716569905,0.8571428571428571
Ashley Gardner,Geekay,28,3.0,9.162304922937626,0.5714285714285713
Richard Cardenas,Swagtron,17,2.0,8.694669696546992,0.04761904761904756
Ryan Garcia,Swagtron,26,2.0,9.292933670280036,0.47619047619047616
Richard Jones,Swagtron,15,4.0,9.19532825185568,0.1428571428571429
Justin Gutierrez,Montra,28,2.0,9.113939597689829,0.761904761904762
Donna Caldwell,EMotorad,12,2.0,8.97727273946428,0.2857142857142857
Allen Lindsey,HERO,29,2.0,8.973478148521036,0.0
Kristen Lewis,HERO,21,1.0,8.982309899088579,0.33333333333333337
Alyssa Hayes,EMotorad,13,1.0,8.865170419651774,0.1428571428571429
Christopher Anderson,Geekay,28,1.0,9.36142922633904,0.9523809523809522
Gerald Brown,Montra,29,2.0,9.07004328643746,0.19047619047619035
Kenneth Zavala,Montra,24,1.0,9.3048320350689,0.5714285714285713
Gregory Ramos,Montra,18,2.0,9.303921785597714,0.9999999999999999
Wesley Miller,Montra,16,2.0,9.320180837655714,0.8095238095238094
Nicole Graham,EMotorad,15,1.0,9.116139576577355,0.47619047619047616
April Gray,HERO,18,3.0,9.213435576883485,0.7142857142857143
Kelly Kim,Geekay,16,2.0,9.206432747145165,0.2857142857142857
John Gutierrez,Montra,18,2.0,9.188197007290492,0.47619047619047616
Mitchell Espinoza,Geekay,24,4.0,8.928110078202646,0.04761904761904756
James Miller,Montra,15,1.0,8.748463629942055,0.19047619047619035
Cynthia Smith,Geekay,26,4.0,8.87640491500694,0.19047619047619035
Michael Stewart DDS,Swagtron,29,2.0,9.046762057999363,0.619047619047619
Ian Williams,HERO,15,4.0,9.380167531188448,0.619047619047619
Mr. Philip Young,EMotorad,15,2.0,9.164401140034737,0.4285714285714285
Andrea Doyle,HERO,13,4.0,9.086023537468803,0.38095238095238104
Rhonda Benson,HERO,16,2.0,9.10063710688422,0.2857142857142857
Amanda Brown,Swagtron,19,1.0,9.30027247947679,0.5714285714285713
Jackie Mills,HERO,22,4.0,9.18204377282107,0.09523809523809523
Ryan Hampton,EMotorad,22,4.0,9.096163326913784,0.1428571428571429
Courtney Owens,Montra,29,3.0,8.954286157204713,0.38095238095238104
Maria Skinner,Swagtron,28,3.0,9.41987169587053,0.761904761904762
Ricardo Smith,Swagtron,20,1.0,8.918784137975802,0.23809523809523803
Taylor Wagner,Geekay,16,2.0,9.031333316150057,0.38095238095238104
Taylor Smith,Montra,14,3.0,9.322865162818028,0.9999999999999999
Michael Lynch,Geekay,25,1.0,8.79497643168877,0.23809523809523803
Laurie Pierce,Geekay,13,2.0,9.0217190130337,0.19047619047619035
Michael Cook,Montra,14,2.0,9.098402718735318,0.5238095238095238
Tina Erickson,Swagtron,14,2.0,8.87360810154911,0.09523809523809523
Elizabeth Vasquez PhD,HERO,20,4.0,9.163353580751846,0.2857142857142857
Brian Tyler,HERO,19,4.0,9.158099260130491,0.2857142857142857
Victoria Jacobson,Montra,25,1.0,9.305741456739435,0.5714285714285713
